component,contribution,pct
Base,69462.12,51.7
TV,20178.328520526706,15
Digital,12433.573296275239,9.3
Email,6279.934054161897,4.7
Search,11624.421608401564,8.7
Seasonality,14390.61,10.7
